A2010 observing schedule                                          last update: 07Apr11 mph

Use searchable schedule on AO web page to get date,AST
Use blocksched.pro in eggidl/gen to get LST

Note: Block designation assigned according to time at START of observations on given day.

(R) indicates remote observing.
-------------------------------------------------------------------------------------------------
COMPLETED OBSERVATIONS for this season
-------------------------------------------------------------------------------------------------
    06.12.05  T 05Dec      04h32  02h45-06h45   07h13-11h14    22p2  +052112  NB,OS,EM      AZ=360
    06.12.06a W 06Dec      04h36  02h45-06h45   07h17-11h18    21p2  +050636  NB,OS         AZ=360
    06.12.07a R 07Dec      04h40  02h45-06h45   07h21-11h22    19p2  +043724  NB,OS         AZ=360
    06.12.08a F 08Dec      04h44  02h30-06h30   07h10-11h11   110p1  +263842  OS            AZ=180 ** note Az
    06.12.09a S 09Dec      04h48  02h30-06h30   07h14-11h15   111p1  +265318  NB            AZ=180 ** note Az
    06.12.10a S 10Dec      04h52  02h30-06h30   07h18-11h19   114p1  +273706  NB,OS         AZ=180 ** note Az
    06.12.11a M 11Dec      04h56  02h30-06h15   07h22-11h07   112p1  +270754  NB,OS         AZ=180 ** note Az
    06.12.12a T 12Dec      05h00  02h15-06h15   07h11-11h11   113p1  +272230  NB,OS         AZ=180 ** note Az
    06.12.13  W 13Dec      05h04  02h15-06h15   07h15-11h15   115p1  +275142  NB,OS         AZ=180 ** note Az
    06.12.14a R 14Dec      05h08  02h15-06h15   07h19-11h19   116p1  +280618  NB            AZ=180 ** note Az
    06.12.15  F 15Dec      05h12  02h00-06h00                                               cancelled TOA
    07.01.11  R 11Jan      06h54  00h15-06h00   07h09-12h55   17p2  +040812   MH,SH,JD,DR   AZ=360
    07.01.12  F 12Jan      06h58  00h15-06h00   07h13-12h59   16p2  +035336   SH,JD,DR,MH   AZ=360
    07.01.13  S 13Jan      07h02  00h15-06h00   07h17-12h47   18p2  +042248   DR,JD,SH,LV,MH  AZ=360
    07.01.14  S 14Jan      07h06  00h15-05h45   07h20-12h51   33p2  +080148   JD,DR,SH,LV,MH  AZ=360
    07.01.30  T 30Jan      08h12  23h00-03h15   07h12-11h28  117p1  +282054   SS(R)         AZ=180
    07.02.08  R 08Feb      08h48  22h45-02h45   07h33-11h33  118p1  +283530   AM(R)         AZ=180
    07.02.09  F 09Feb      08h52  22h45-02h45   07h36-11h37  119p1  +285006   AM(R)         AZ=180
    07.02.10  S 10Feb      08h56  22h30-02h45   07h25-11h41  120p1  +290442   AM(R)         AZ=180
    07.02.11  S 11Feb      09h00  22h30-02h45   07h30-11h45  121p1  +291918   SS(R)         AZ=180
    07.02.12  M 12Feb      09h04  22h30-03h45   07h34-12h49  126p1  +303218   SS(R)         AZ=180
    07.02.13  T 13Feb      09h08  22h15-03h45   07h22-12h53  127p1  +304654   EM            AZ=180 (Snow in Ithaca!)
    07.02.14  W 14Feb      09h12  22h15-03h45   07h26-12h57  109p1  +262406   EM            AZ=180 (How much snow??!)
    07.02.15  R 15Feb      09h16  22h15-02h30   07h30-11h46  cancelled 2/12 (Saturn)
    07.02.16  F 16Feb      09h20  22h15-02h15   07h34-11h35  cancelled 2/12 (Saturn)
    07.02.17  S 17Feb      09h24  22h00-07h30   07h23-16h55   16p1  +034618   BC            AZ=360 **note AZ***
                                      after 1315 switch to    33p2  +080148         
    07.02.18  S 18Feb      09h28  22h00-07h30   07h27-17h01  128p1  +310130   TB(R)         AZ=180
    07.02.19  M 19Feb      09h32  22h00-07h30   07h31-17h05  129p1  +311606   TB(R)         AZ=180
    07.02.20  T 20Feb      09h36  22h00-07h15   07h35-16h54  130p1  +313042   TB(R)         AZ=180
    07.02.21  W 21Feb      09h40  21h45-07h15   07h24-16h58  131p1  +314518   BC            AZ=180
    07.02.22  R 22Feb      09h44  21h45-02h00   07h28-11h43  124p1  +300306   BC,RK,KS      AZ=180
    07.02.23  F 23Feb      09h48  21h45-02h00   07h32-11h47  122p1  +293354   RK,KS         AZ=180 
    07.02.24  S 24Feb      09h52  21h45-02h00   07h36-11h51  123p1  +294830   RK,KS         AZ=180   
    07.02.25  S 25Feb      09h55  21h30-07h00   07h25-16h56  132p1  +315954   RK,KS         AZ=180    
    07.02.26  M 26Feb      09h59  21h30-07h00   07h29-17h00  108p1  +260930   RK,KS         AZ=180   
    07.02.27  T 27Feb      10h03  21h30-06h45   07h32-16h49  107p1  +255454   RK,KS         AZ=180   
    07.02.28  W 28Feb      10h07  21h30-06h45   07h36-16h53  106p1  +254018   RK,KS         AZ=180
    07.03.01  R 01Mar      10h11  21h15-06h45   07h25-16h57  105p1  +252542   RK,KS         AZ=180
    07.03.02  F 02Mar      10h15  21h15-06h30   07h29-16h46  104p1  +251106   RK,KS         AZ=180
    07.03.06  T 06Mar      10h19  21h15-06h15   07h45-16h47  103p1  +245630   TB(R)    GPS alert 20-04UT
    07.03.07  W 07Mar      10h23  21h15-06h15   07h49-16h51  102p1  +244154   TB(R)    GPS alert 20-04UT
    07.03.18  S 18Mar      11h18  20h00-24h00   07h17-11h17  125p1  +301742   AM(R)
    07.03.19  M 19Mar      11h22  20h00-05h15   07h21-16h38  101p1  +242718   AM(R)
    07.03.20  T 20Mar      11h26  19h45-05h15   07h10-16h42  100p1  +241242   SS(R)
    07.03.21  W 21Mar      11h30  19h45-05h15   07h14-16h46   99p1  +235806   SS(R)
    07.03.22  R 22Mar      11h34  19h45-05h15   07h18-16h50  110p2  +264600   SS(R)    begin pass#2!
    07.03.26  M 26Mar      11h50  19h30-05h00   07h19-16h50  111p2  +270036   RK(R) 
    07.03.27  T 27Mar      11h53  19h15-04h45   07h07-16h39  112p2  +271512   RK(R) 
    07.03.28  W 28Mar      11h57  19h15-04h45   07h11-16h43  113p2  +272948   RK(R) 
    07.03.29  R 29Mar      12h01  19h15-04h45   07h15-16h47  114p2  +274424   BK(R)
    07.04.01  S 01Apr      12h13  19h00-04h30   07h12-16h44  115p2  +275900   TB(R)
    07.04.02  M 02Apr      12h17  19h00-04h30   07h16-16h48  116p2  +281336   TB(R)
    07.04.03  T 03Apr      12h21  19h00-04h15   07h20-16h37  109p2  +263124   TB(R)
-------------------------------------------------------------------------------------------------
UPCOMING OBSERVATIONS  (Schedule subject to change. If a session is missed, skip it.)
**********************************            IMPORTANT            **********************
The times below refer to time allocated to A2010 exclusively. Time should also be allocated before
and after to allow for TOGS startup and calibration. We have agreed to run the TOGS calibration scripts
for the TOGS team. Please check the final AO schedule and be prepared to start observing at least
15 minutes prior to the times listed here. 
-------------------------------------------------------------------------------------------------
*** Remember to inform the operator well in advance where you want him/her to position the telescope.
***  Please stick to this schedule. If a night is lost, skip it. If questions, ask Martha or
***  refer to the ancillary files (a2010_schedspr_needed.txt and the graphics)
***
***  NOTE:                          AST=EDT

This completes the scheduled A2010 observations. We are informed that parts of ALFA will
be removed on April 4th. Unfortunately, this means that 

This is what we need to finish the +27d grids:
    07.04.04  W 04Apr      12h25  18h45-04h15   07h09-16h41  108p2  +261648
    07.04.05  R 05Apr      12h29  18h45-04h15   07h13-16h45  107p2  +260212
    07.05.06  F 06Apr      12h33  18h45-04h15   07h17-16h49  106p2  +254726

----------------------------------------------------------------------------------------------
SCHEDULE HERE WAS POSTED IN MID-MARCH (Tom and Fred thus made plans to be in PR)
When ALFA was scheduled to come down on Apr 04, I changed the schedule to
try to finish the +27d grids.
    07.04.01  S 01Apr      12h13  19h00-04h30   07h12-16h44  115p2  +275900   TB
    07.04.02  M 02Apr      12h17  19h00-04h30   07h16-16h48  116p2  +281336   TB
    07.04.03  T 03Apr      12h21  19h00-04h15   07h20-16h37  117p2  +282812   TB
    07.04.04  W 04Apr      12h25  18h45-04h15   07h09-16h41  118p2  +284248   TB
    07.04.05  R 05Apr      12h29  18h45-04h15   07h13-16h45  119p2  +285724   TB
    07.04.06  F 06Apr      12h33  18h45-04h15   07h17-16h49  120p2  +291200   TB
    07.04.07  S 07Apr      12h37  18h45-04h00   07h21-16h37  121p2  +292636   TB
    07.04.08  S 08Apr      12h41  18h30-04h00   07h10-16h41  122p2  +294112   TB
    07.04.09  M 09Apr      12h45  18h30-04h00   07h14-16h45  123p2  +295548   TB
    07.04.10  T 10Apr      12h49  18h30-04h00   07h18-16h49  124p2  +301024   
    07.04.11  W 11Apr      12h53  18h15-03h45   07h06-16h38  109p2  +263124
    07.04.12  R 12Apr      12h57  18h15-03h45   07h10-16h42  108p2  +261648
Under which conditions we would also really need:
107p2   +260212
106p2   +254736

-------------------------------------------------------------------------------   
Who's who:
EGGs: One of the Cornell EGG folks TBD

AP: Adeel Altaf
TB: Tom Balonek
NB: Noah Brosch
SB: Shea Brown
BC: Barbara Catinella
JC: John Cannon
JD: Josh Davidson
AF: Amy Furniss
JG: Josh Goldstein
RG: Riccardo Giovanelli
MH: Martha Haynes
KH: Kelley Hess
SH: Sarah Higdon
LH: Lyle Hoffman
WH: Walter Hopkins
BK: Brian Kent
RK: Becky Koopmann
DK: Dave Kornreich
JL: Jamie Lomax
BM: Bilal Mahmood
AM: Ann Martin
JM: Jeff Miller
WM: Arik Mitschang
EM: Emmanuel Momjian
PN: Prasanth Nair
AO: Aileen O'Donoghue
DR: Daniel Richey
JR: Jessica Rosenberg
AS: Amelie Saintonge
JS: John Salzer
KS: Kristine Spekkens
OS: Oded Spector
SS: Sabrina Stierwalt
LV: Liese van Zee
BW: Brian Walsh

